<?xml version="1.0" encoding="utf-8" standalone="yes"?>
<rss version="2.0" xmlns:atom="http://www.w3.org/2005/Atom">
  <channel>
    <title>Services on </title>
    <link>//localhost:1313/services/</link>
    <description>Recent content in Services on </description>
    <generator>Hugo</generator>
    <language>en-us</language>
    <atom:link href="//localhost:1313/services/index.xml" rel="self" type="application/rss+xml" />
    <item>
      <title>Boundary Surveys</title>
      <link>//localhost:1313/services/boundary/</link>
      <pubDate>Mon, 01 Jan 0001 00:00:00 +0000</pubDate>
      <guid>//localhost:1313/services/boundary/</guid>
      <description>&lt;h2 id=&#34;boundary-survey-services&#34;&gt;Boundary Survey Services&lt;/h2&gt;&#xA;&lt;p&gt;Boundary surveys are performed to establish the precise location of property lines based on legal descriptions, recorded documents, and field evidence. These surveys provide clarity and legal defensibility when property boundaries are in question.&lt;/p&gt;&#xA;&lt;h3 id=&#34;when-boundary-surveys-are-needed&#34;&gt;When Boundary Surveys Are Needed&lt;/h3&gt;&#xA;&lt;ul&gt;&#xA;&lt;li&gt;Property purchase or sale&lt;/li&gt;&#xA;&lt;li&gt;Construction near lot lines&lt;/li&gt;&#xA;&lt;li&gt;Fence or wall installation&lt;/li&gt;&#xA;&lt;li&gt;Resolving boundary disputes&lt;/li&gt;&#xA;&lt;li&gt;Subdivision or lot line adjustments&lt;/li&gt;&#xA;&lt;/ul&gt;&#xA;&lt;h3 id=&#34;deliverables&#34;&gt;Deliverables&lt;/h3&gt;&#xA;&lt;ul&gt;&#xA;&lt;li&gt;Survey map suitable for record submission&lt;/li&gt;&#xA;&lt;li&gt;Clearly marked property corners (where applicable)&lt;/li&gt;&#xA;&lt;li&gt;Written explanation of boundary determinations&lt;/li&gt;&#xA;&lt;/ul&gt;&#xA;&lt;p&gt;&lt;img src=&#34;boundary-monument.jpg&#34; alt=&#34;land survey monument&#34;&gt;&lt;/p&gt;</description>
    </item>
    <item>
      <title>Construction Staking</title>
      <link>//localhost:1313/services/construction-staking/</link>
      <pubDate>Mon, 01 Jan 0001 00:00:00 +0000</pubDate>
      <guid>//localhost:1313/services/construction-staking/</guid>
      <description>&lt;h2 id=&#34;construction-staking-services&#34;&gt;Construction Staking Services&lt;/h2&gt;&#xA;&lt;p&gt;Construction staking involves transferring design plans from drawings to the field to ensure improvements are built in the correct location, elevation, and alignment. Accurate staking reduces costly errors and supports project efficiency.&lt;/p&gt;&#xA;&lt;h3 id=&#34;typical-services&#34;&gt;Typical Services&lt;/h3&gt;&#xA;&lt;ul&gt;&#xA;&lt;li&gt;Building layout and offsets&lt;/li&gt;&#xA;&lt;li&gt;Foundation and footing staking&lt;/li&gt;&#xA;&lt;li&gt;Grading and curb staking&lt;/li&gt;&#xA;&lt;li&gt;Utility alignment and elevation staking&lt;/li&gt;&#xA;&lt;li&gt;As-built data collection&lt;/li&gt;&#xA;&lt;/ul&gt;&#xA;&lt;h3 id=&#34;benefits&#34;&gt;Benefits&lt;/h3&gt;&#xA;&lt;ul&gt;&#xA;&lt;li&gt;Improves construction accuracy&lt;/li&gt;&#xA;&lt;li&gt;Reduces rework and delays&lt;/li&gt;&#xA;&lt;li&gt;Provides clear field reference points&lt;/li&gt;&#xA;&lt;li&gt;Supports quality control and verification&#xA;&lt;img src=&#34;construction-excavator.jpg&#34; alt=&#34;heavy equipment moving earth&#34;&gt;&lt;/li&gt;&#xA;&lt;/ul&gt;</description>
    </item>
    <item>
      <title>Topographic Surveys</title>
      <link>//localhost:1313/services/topographic-mapping/</link>
      <pubDate>Mon, 01 Jan 0001 00:00:00 +0000</pubDate>
      <guid>//localhost:1313/services/topographic-mapping/</guid>
      <description>&lt;h2 id=&#34;topographic-survey-services&#34;&gt;Topographic Survey Services&lt;/h2&gt;&#xA;&lt;p&gt;Topographic surveys capture elevations, contours, and visible features of a property. They are essential for civil engineering design, grading, drainage planning, and development projects.&lt;/p&gt;&#xA;&lt;h3 id=&#34;typical-features-included&#34;&gt;Typical Features Included&lt;/h3&gt;&#xA;&lt;ul&gt;&#xA;&lt;li&gt;Ground elevations and contour lines&lt;/li&gt;&#xA;&lt;li&gt;Buildings, pavement, and structures&lt;/li&gt;&#xA;&lt;li&gt;Utilities and visible improvements&lt;/li&gt;&#xA;&lt;li&gt;Drainage features and flow lines&lt;/li&gt;&#xA;&lt;li&gt;Trees and significant vegetation&lt;/li&gt;&#xA;&lt;/ul&gt;&#xA;&lt;h3 id=&#34;common-uses&#34;&gt;Common Uses&lt;/h3&gt;&#xA;&lt;ul&gt;&#xA;&lt;li&gt;Civil engineering and site design&lt;/li&gt;&#xA;&lt;li&gt;Architectural planning&lt;/li&gt;&#xA;&lt;li&gt;Grading and drainage design&lt;/li&gt;&#xA;&lt;li&gt;Permit submittals&lt;/li&gt;&#xA;&lt;li&gt;Land development and redevelopment&#xA;&lt;img src=&#34;SC-map.jpg&#34; alt=&#34;old map of santa cruz&#34;&gt;&lt;/li&gt;&#xA;&lt;/ul&gt;</description>
    </item>
  </channel>
</rss>
